{
  "0x15652636f3898F550b257B89926d5566821c32E1": {
    "minExclusivityPeriod": 3,
    "minProfitThreshold": 0.00005,
    "balanceMultiplier": 0.2,
    "maxFillSize": 2500,
    "originChainIds": [
      1,
      10,
      324,
      8453,
      34443,
      42161,
      59144,
      81457,
      534352
    ]
  },
  "0x2156BfA195C033CA2DF4Ff14e6Da0c617B8cb4F7": {
    "minExclusivityPeriod": 4,
    "minProfitThreshold": 0.00005,
    "balanceMultiplier": 0.2,
    "maxFillSize": 5000,
    "originChainIds": [
      42161,
      10,
      8453
    ]
  },
  "0x41ee28EE05341E7fdDdc8d433BA66054Cd302cA1": {
    "minExclusivityPeriod": 3,
    "minProfitThreshold": 0.00005,
    "balanceMultiplier": 0.2,
    "maxFillSize": 2500,
    "originChainIds": [
      1,
      10,
      137,
      324,
      1135,
      8453,
      34443,
      42161,
      59144,
      81457,
      534352
    ]
  },
  "0x4AE5Ee9ADEF696175D0b68019433D8c475E1D2F6": {
    "minExclusivityPeriod": 4,
    "minProfitThreshold": 0.00005,
    "balanceMultiplier": 0.2,
    "maxFillSize": 5000,
    "originChainIds": [
      42161,
      10,
      8453
    ]
  },
  "0x4a4e392290A382C9d2754E5Dca8581eA1893db5D": {
    "minExclusivityPeriod": 10,
    "minProfitThreshold": 0.00005,
    "balanceMultiplier": 0.2,
    "maxFillSize": 10000,
    "originChainIds": [
      1,
      10,
      324,
      8453,
      34443,
      42161,
      59144,
      81457,
      534352
    ]
  },
  "0x8aFe9261c6D0102c8d4E0C197b5D042B392d72e4": {
    "minExclusivityPeriod": 4,
    "minProfitThreshold": 0.00005,
    "balanceMultiplier": 0.5,
    "maxFillSize": 1000,
    "originChainIds": [
      1,
      10,
      137,
      8453,
      42161,
      7777777,
      81457
    ]
  },
  "0x96AE533814f9A128333a2914A631b9Ae690E2B0a": {
    "minExclusivityPeriod": 3,
    "minProfitThreshold": 0.00005,
    "balanceMultiplier": 0.2,
    "maxFillSize": 2500,
    "originChainIds": [
      1,
      10,
      324,
      8453,
      34443,
      42161,
      59144,
      81457,
      534352
    ]
  },
  "0xB96b74874126A787720a464EAb3FBD2F35a5D14e": {
    "minExclusivityPeriod": 4,
    "minProfitThreshold": 0.00005,
    "balanceMultiplier": 0.25,
    "maxFillSize": 5000,
    "originChainIds": [
      1,
      10,
      324,
      8453,
      34443,
      42161,
      59144,
      81457
    ]
  },
  "0xCad97616f91872C02BA3553dB315Db4015cBE850": {
    "minExclusivityPeriod": 3,
    "minProfitThreshold": 0.00005,
    "balanceMultiplier": 0.2,
    "maxFillSize": 2500,
    "originChainIds": [
      42161,
      1,
      324,
      81457,
      10,
      8453,
      59144,
      34443,
      534352
    ]
  },
  "0xD45BdA83d11Fda3EdA0107ce9Aa8856b753Fc44e": {
    "minExclusivityPeriod": 3,
    "minProfitThreshold": 0.00005,
    "balanceMultiplier": 0.2,
    "maxFillSize": 2500,
    "originChainIds": [
      1,
      10,
      324,
      8453,
      34443,
      42161,
      59144,
      81457,
      534352
    ]
  },
  "0xbd3cff88738351E82BBC5dC36bb02fB2D3d21bbC": {
    "minExclusivityPeriod": 3,
    "minProfitThreshold": 0.00005,
    "balanceMultiplier": 0.2,
    "maxFillSize": 5000,
    "originChainIds": [
      1,
      10,
      324,
      8453,
      42161,
      59144,
      81457,
      534352
    ]
  }
}