{
  "0x04Ded34f8C4067Cf2f991aB084bA40217acBb119": {
    "minExclusivityPeriod": 2,
    "minProfitThreshold": 0.0001,
    "balanceMultiplier": 0.99,
    "maxFillSize": 100000,
    "originChainIds": [
      10,
      8453
    ]
  },
  "0x15652636f3898F550b257B89926d5566821c32E1": {
    "minExclusivityPeriod": 1,
    "minProfitThreshold": 0,
    "balanceMultiplier": 0.99,
    "maxFillSize": 50000,
    "originChainIds": [
      1,
      10,
      130,
      137,
      324,
      480,
      1868,
      8453,
      34443,
      42161,
      57073,
      59144,
      81457,
      534352
    ]
  },
  "0x18105A39dB36EB6f865704Be858bcC7954c66467": {
    "minExclusivityPeriod": 3,
    "minProfitThreshold": 0.00005,
    "balanceMultiplier": 0.9,
    "maxFillSize": 150000,
    "originChainIds": [
      8453,
      42161
    ]
  },
  "0x1b59718eaFA2BFFE5318E07c1C3cB2edde354f9C": {
    "minExclusivityPeriod": 3,
    "minProfitThreshold": 0.00005,
    "balanceMultiplier": 0.8,
    "maxFillSize": 50000,
    "originChainIds": [
      1,
      10,
      130,
      137,
      232,
      324,
      690,
      1135,
      1868,
      8453,
      34443,
      42161,
      57073,
      59144,
      81457
    ]
  },
  "0x394311A6Aaa0D8E3411D8b62DE4578D41322d1bD": {
    "minExclusivityPeriod": 3,
    "minProfitThreshold": 0.00005,
    "balanceMultiplier": 0.85,
    "maxFillSize": 130000,
    "originChainIds": [
      1,
      10,
      56,
      130,
      324,
      480,
      1135,
      1868,
      8453,
      34443,
      42161,
      57073,
      59144,
      81457,
      7777777
    ]
  },
  "0x3d7dC36aA2B542ad239012730DFdB23F03D75bE9": {
    "minExclusivityPeriod": 3,
    "minProfitThreshold": 0.00005,
    "balanceMultiplier": 0.9,
    "maxFillSize": 2400042,
    "originChainIds": [
      10,
      324,
      480,
      81457,
      8453,
      34443,
      42161,
      534352,
      59144,
      57073,
      130,
      1868,
      1
    ]
  },
  "0x41ee28EE05341E7fdDdc8d433BA66054Cd302cA1": {
    "minExclusivityPeriod": 3,
    "minProfitThreshold": 0.00005,
    "balanceMultiplier": 0.8,
    "maxFillSize": 50000,
    "originChainIds": [
      1,
      10,
      130,
      137,
      232,
      324,
      690,
      1135,
      1868,
      8453,
      34443,
      42161,
      57073,
      59144,
      81457
    ]
  },
  "0x5E8da448f3F7290cA355BbF7EF9F323ab8fDE422": {
    "minExclusivityPeriod": 5,
    "minProfitThreshold": 0.00005,
    "balanceMultiplier": 0.99,
    "maxFillSize": 70000,
    "originChainIds": [
      1,
      10,
      137,
      42161,
      59144,
      534352,
      130
    ]
  },
  "0x699EE12a1d97437A4A1E87C71e5d882b3881e2e3": {
    "minExclusivityPeriod": 4,
    "minProfitThreshold": 0.00003,
    "balanceMultiplier": 0.85,
    "maxFillSize": 300000,
    "originChainIds": [
      1,
      10,
      8453,
      42161,
      59144,
      130
    ]
  },
  "0x84A36d2C3d2078c560Ff7b62815138a16671b549": {
    "minExclusivityPeriod": 3,
    "minProfitThreshold": 0.00005,
    "balanceMultiplier": 0.96,
    "maxFillSize": 100500,
    "originChainIds": [
      42161,
      8453,
      10,
      1
    ]
  },
  "0x852F57DD17EDBB0BedAE8C55DD4B20feb3133089": {
    "minExclusivityPeriod": 3,
    "minProfitThreshold": 0.00005,
    "balanceMultiplier": 0.85,
    "maxFillSize": 55000,
    "originChainIds": [
      1,
      137,
      8453,
      42161
    ]
  },
  "0x96AE533814f9A128333a2914A631b9Ae690E2B0a": {
    "minExclusivityPeriod": 3,
    "minProfitThreshold": 0.00005,
    "balanceMultiplier": 0.96,
    "maxFillSize": 2500,
    "originChainIds": [
      1,
      10,
      324,
      8453,
      34443,
      42161,
      59144,
      81457,
      534352
    ]
  },
  "0xB58Bb9643884abbbad64FA7eBc874c5481E5c032": {
    "minExclusivityPeriod": 5,
    "minProfitThreshold": 0.00005,
    "balanceMultiplier": 0.99,
    "maxFillSize": 100000,
    "originChainIds": [
      1,
      10,
      137,
      42161,
      59144,
      534352,
      130
    ]
  },
  "0xC4655836221B1881FBE62908fdCb2CAcAD41e0c3": {
    "minExclusivityPeriod": 3,
    "minProfitThreshold": 0.00005,
    "balanceMultiplier": 0.9,
    "maxFillSize": 40000,
    "originChainIds": [
      1,
      10,
      8453,
      42161
    ]
  },
  "0xCad97616f91872C02BA3553dB315Db4015cBE850": {
    "minExclusivityPeriod": 2,
    "minProfitThreshold": 0.00005,
    "balanceMultiplier": 0.85,
    "maxFillSize": 177500,
    "originChainIds": [
      10,
      324,
      480,
      81457,
      8453,
      34443,
      42161,
      534352,
      59144,
      57073,
      130,
      1868,
      1,
      56,
      1135,
      7777777
    ]
  },
  "0xD45BdA83d11Fda3EdA0107ce9Aa8856b753Fc44e": {
    "minExclusivityPeriod": 3,
    "minProfitThreshold": 0.00005,
    "balanceMultiplier": 0.96,
    "maxFillSize": 2500,
    "originChainIds": [
      1,
      10,
      324,
      8453,
      34443,
      42161,
      59144,
      81457,
      534352
    ]
  },
  "0xEeAF25aD4f51fE2f57Be2F206C9d8A568A618b99": {
    "minExclusivityPeriod": 3,
    "minProfitThreshold": 0.00005,
    "balanceMultiplier": 0.5,
    "maxFillSize": 15000,
    "originChainIds": [
      10,
      324,
      480,
      8453,
      42161,
      81457,
      59144,
      534352
    ]
  },
  "0xA36bc6867c9963DE1a5dAaF7882efb5B56899E8c": {
    "minExclusivityPeriod": 2,
    "minProfitThreshold": 0.00004,
    "balanceMultiplier": 0.9,
    "maxFillSize": 20000,
    "originChainIds": [
      1,
      1868,
      8453,
      10,
      130
    ]
  },
  "0xeF1eC136931Ab5728B0783FD87D109c9D15D31F1": {
    "minExclusivityPeriod": 3,
    "minProfitThreshold": 0.00005,
    "balanceMultiplier": 0.8,
    "maxFillSize": 500000,
    "originChainIds": [
      1,
      10,
      56,
      130,
      137,
      480,
      8453,
      42161,
      57073,
      59144
    ]
  },
  "0xee51012A186832adC6473aB26b88f5624255A95C": {
    "minExclusivityPeriod": 3,
    "minProfitThreshold": 0.00005,
    "balanceMultiplier": 0.95,
    "maxFillSize": 50000,
    "originChainIds": [
      1,
      10,
      130,
      324,
      8453,
      42161,
      57073,
      59144,
      534352
    ]
  },
  "0xefF7337B37c8D217d01cb8223fe497ABD75190d5": {
    "minExclusivityPeriod": 6,
    "minProfitThreshold": 0.00005,
    "balanceMultiplier": 0.9,
    "maxFillSize": 100000,
    "originChainIds": [
      8453,
      130
    ]
  }
}